<?xml version="1.0" encoding="UTF-8"?>
<!DOCTYPE suite SYSTEM "https://testng.org/testng-1.0.dtd" >
<suite name="SCB Suite" parallel="methods" thread-count="12" verbose="1">
  <listeners>
    <listener class-name="com.scbank.listeners.TestListener"/>
  </listeners>
  <test name="Smoke">
    <parameter name="baseUrl" value="https://www.sc.com/en/"/>
    <parameter name="implicitWaitSec" value="5"/>
    <classes>
      <class name="com.scbank.tests.HomePageTests"/>
    </classes>
  </test>
</suite>
